iter	RMSE
0	23.04797439
1000	15.54839701
1999	15.39741436
